city,date,avg_price,avg_rent,growth_rate,demand_score,supply_score
Delhi,2021-07-13,5380691.616582118,16433.497781841947,0.08,95,85
Mumbai,2021-07-13,7739099.795158154,17431.18149491996,0.06,98,75
Bengaluru,2021-07-13,4821863.909521531,13181.9347915096,0.1,92,88
Pune,2021-07-13,3707455.604872681,11144.996564934925,0.09,85,82
Hyderabad,2021-07-13,4301637.991579648,11482.336438683671,0.09,88,80
Chennai,2021-07-13,3730783.8607962085,9795.132877196595,0.07,80,78
Noida,2021-07-13,4416887.736462251,13095.789272196293,0.085,82,90
Gurugram,2021-07-13,5044980.414334802,11703.903310522204,0.09,87,85
Greater Noida,2021-07-13,3849293.408860571,13477.617442326851,0.1,78,92
Jaipur,2021-07-13,3176534.121763175,11693.572760006324,0.07,75,80
Ahmedabad,2021-07-13,3464464.337892984,8325.699337702572,0.075,77,82
Lucknow,2021-07-13,2819042.4274289305,6475.335573406158,0.065,72,78
Kochi,2021-07-13,3602585.1146115162,8342.96652042975,0.07,76,72
Chandigarh,2021-07-13,4180318.2183559733,14951.805123905053,0.075,80,75
Patna,2021-07-13,2389672.0201433003,6068.695403047099,0.06,68,75
Delhi,2021-08-12,5169490.852679502,13472.715013551344,0.08,95,85
Mumbai,2021-08-12,7336378.0163422795,19810.908310285162,0.06,98,75
Bengaluru,2021-08-12,5024231.3106863415,12072.029377792473,0.1,92,88
Pune,2021-08-12,3571824.461740765,11148.070058574462,0.09,85,82
Hyderabad,2021-08-12,4138837.6802444225,10595.834883599984,0.09,88,80
Chennai,2021-08-12,3585507.048492054,8775.22385734456,0.07,80,78
Noida,2021-08-12,4548118.57951761,10472.562537912328,0.085,82,90
Gurugram,2021-08-12,4676928.786980296,16141.72324390285,0.09,87,85
Greater Noida,2021-08-12,3676391.701658888,11064.406816171177,0.1,78,92
Jaipur,2021-08-12,3005093.188047025,9351.857423907486,0.07,75,80
Ahmedabad,2021-08-12,3346776.623395604,9414.19190999264,0.075,77,82
Lucknow,2021-08-12,2767523.2175554736,8320.86102381339,0.065,72,78
Kochi,2021-08-12,3591881.273616217,13121.843048105533,0.07,76,72
Chandigarh,2021-08-12,4086150.036539097,14048.854198327632,0.075,80,75
Patna,2021-08-12,2310691.840014074,5413.518032826879,0.06,68,75
Delhi,2021-09-11,5258486.564265894,19164.03070929011,0.08,95,85
Mumbai,2021-09-11,7448119.619762447,22317.678234368712,0.06,98,75
Bengaluru,2021-09-11,4805004.9450618895,12286.909117170524,0.1,92,88
Pune,2021-09-11,3526103.009370568,10630.809001596628,0.09,85,82
Hyderabad,2021-09-11,4031466.7603007294,13940.264526573279,0.09,88,80
Chennai,2021-09-11,3534312.9601064464,11960.982701166336,0.07,80,78
Noida,2021-09-11,4416631.725776422,11046.370044914709,0.085,82,90
Gurugram,2021-09-11,4814853.521344702,10716.224838261673,0.09,87,85
Greater Noida,2021-09-11,3718881.623735926,10725.925958146714,0.1,78,92
Jaipur,2021-09-11,3084905.571551973,8325.059145988607,0.07,75,80
Ahmedabad,2021-09-11,3414639.6934372936,8199.93188850162,0.075,77,82
Lucknow,2021-09-11,2618142.0639392156,8368.175302486414,0.065,72,78
Kochi,2021-09-11,3606564.8420063728,10924.105607916908,0.07,76,72
Chandigarh,2021-09-11,4209410.320867145,12711.263728931932,0.075,80,75
Patna,2021-09-11,2344453.9520782265,8372.122656600788,0.06,68,75
Delhi,2021-10-11,5372356.606498088,18685.91470415579,0.08,95,85
Mumbai,2021-10-11,7597005.005415041,20157.385078358402,0.06,98,75
Bengaluru,2021-10-11,4827059.753016519,10816.881869195598,0.1,92,88
Pune,2021-10-11,3647259.2568022925,10919.007352927156,0.09,85,82
Hyderabad,2021-10-11,4087193.865271977,8677.639193312114,0.09,88,80
Chennai,2021-10-11,3711244.0806369893,10961.929787926512,0.07,80,78
Noida,2021-10-11,4397849.468842961,13084.396246194561,0.085,82,90
Gurugram,2021-10-11,4883108.812647499,11322.132973852771,0.09,87,85
Greater Noida,2021-10-11,3828401.1955882255,14345.72595182746,0.1,78,92
Jaipur,2021-10-11,3140266.900831541,8602.129022696248,0.07,75,80
Ahmedabad,2021-10-11,3425930.8795209825,11555.899586750755,0.075,77,82
Lucknow,2021-10-11,2838143.1215294586,6861.959621903272,0.065,72,78
Kochi,2021-10-11,3703452.3931829073,8911.920014797643,0.07,76,72
Chandigarh,2021-10-11,4229004.93439083,9908.469457655181,0.075,80,75
Patna,2021-10-11,2468784.7072210624,8108.099238662555,0.06,68,75
Delhi,2021-11-10,5562095.977475656,18119.091966797798,0.08,95,85
Mumbai,2021-11-10,7910002.489448148,29585.93913336251,0.06,98,75
Bengaluru,2021-11-10,5189916.940429752,18256.411065928252,0.1,92,88
Pune,2021-11-10,3693458.523807775,8505.558746694389,0.09,85,82
Hyderabad,2021-11-10,4199031.389882366,12778.135793812777,0.09,88,80
Chennai,2021-11-10,3687571.0961950044,8044.275624079055,0.07,80,78
Noida,2021-11-10,4582963.277279669,12447.448730515222,0.085,82,90
Gurugram,2021-11-10,5080829.316757752,12968.766771441335,0.09,87,85
Greater Noida,2021-11-10,4037511.60315323,10619.914007803403,0.1,78,92
Jaipur,2021-11-10,3211768.5310468855,9025.14837320789,0.07,75,80
Ahmedabad,2021-11-10,3592469.7019982934,12605.718502872975,0.075,77,82
Lucknow,2021-11-10,2934674.8784759333,8604.600139068983,0.065,72,78
Kochi,2021-11-10,3776220.8630119413,11153.362339908876,0.07,76,72
Chandigarh,2021-11-10,4199279.096916364,12168.623996077114,0.075,80,75
Patna,2021-11-10,2372790.056043679,5177.5781156396915,0.06,68,75
Delhi,2021-12-10,5566253.732674547,13150.273945664916,0.08,95,85
Mumbai,2021-12-10,7893652.242562912,26147.21690113579,0.06,98,75
Bengaluru,2021-12-10,5217122.332081292,18103.120157033147,0.1,92,88
Pune,2021-12-10,3968582.880893457,11690.334140444456,0.09,85,82
Hyderabad,2021-12-10,4404340.731234179,12989.048465061576,0.09,88,80
Chennai,2021-12-10,3810371.3599681775,11408.961819195605,0.07,80,78
Noida,2021-12-10,4577296.84734969,17094.064704475157,0.085,82,90
Gurugram,2021-12-10,5115920.268372809,18160.895699185097,0.09,87,85
Greater Noida,2021-12-10,4054268.5511080422,8458.793598048844,0.1,78,92
Jaipur,2021-12-10,3430554.2515791375,7202.204899615083,0.07,75,80
Ahmedabad,2021-12-10,3616441.0453180275,10320.184841104594,0.075,77,82
Lucknow,2021-12-10,2893098.61169244,6667.241659291704,0.065,72,78
Kochi,2021-12-10,3925347.4655710454,9653.595283144468,0.07,76,72
Chandigarh,2021-12-10,4376379.08278285,13009.494046101405,0.075,80,75
Patna,2021-12-10,2480845.023875666,8985.392996984441,0.06,68,75
Delhi,2022-01-09,5917037.189310809,15543.169391320087,0.08,95,85
Mumbai,2022-01-09,8042686.362598537,18178.10636513013,0.06,98,75
Bengaluru,2022-01-09,5433409.943169055,17284.507017664953,0.1,92,88
Pune,2022-01-09,3926998.9070940767,11385.638151541914,0.09,85,82
Hyderabad,2022-01-09,4699306.582787668,11749.647456801991,0.09,88,80
Chennai,2022-01-09,4029583.5579884206,8932.796623904467,0.07,80,78
Noida,2022-01-09,4923201.762252614,17171.97842955605,0.085,82,90
Gurugram,2022-01-09,5466583.598786559,14807.231697121177,0.09,87,85
Greater Noida,2022-01-09,4129966.0029084957,12062.793698866122,0.1,78,92
Jaipur,2022-01-09,3464290.9631928625,9074.964477014217,0.07,75,80
Ahmedabad,2022-01-09,3796332.22174191,13400.565309724036,0.075,77,82
Lucknow,2022-01-09,2990443.7141586305,8536.313418218251,0.065,72,78
Kochi,2022-01-09,3911028.0132539943,12812.819014869567,0.07,76,72
Chandigarh,2022-01-09,4560496.362790513,11114.999547728068,0.075,80,75
Patna,2022-01-09,2481448.9476848724,7884.976937594855,0.06,68,75
Delhi,2022-02-08,6042896.658118974,13198.873808288206,0.08,95,85
Mumbai,2022-02-08,8565227.884597646,26126.24540020432,0.06,98,75
Bengaluru,2022-02-08,5618308.611562988,20969.62682298005,0.1,92,88
Pune,2022-02-08,4201900.08629698,9091.458285623885,0.09,85,82
Hyderabad,2022-02-08,4646097.127318524,10709.431241148186,0.09,88,80
Chennai,2022-02-08,4012383.1006361344,12508.54797970858,0.07,80,78
Noida,2022-02-08,4763885.3018675195,12786.714250853234,0.085,82,90
Gurugram,2022-02-08,5618557.396752916,14117.965117841371,0.09,87,85
Greater Noida,2022-02-08,4131154.396034925,10439.253325635304,0.1,78,92
Jaipur,2022-02-08,3456753.418948723,7749.584356838722,0.07,75,80
Ahmedabad,2022-02-08,3993298.320025595,12429.92636269556,0.075,77,82
Lucknow,2022-02-08,3103874.0086724027,7062.752378485054,0.065,72,78
Kochi,2022-02-08,4204175.213360858,14003.939578966378,0.07,76,72
Chandigarh,2022-02-08,4692545.425414935,14460.123460003086,0.075,80,75
Patna,2022-02-08,2549820.7747010817,7968.634664708051,0.06,68,75
Delhi,2022-03-10,6044932.64751188,13870.5047230281,0.08,95,85
Mumbai,2022-03-10,8270909.32846541,19756.826073628454,0.06,98,75
Bengaluru,2022-03-10,5497776.001218345,13124.257859641539,0.1,92,88
Pune,2022-03-10,4230747.60862645,14518.848043916905,0.09,85,82
Hyderabad,2022-03-10,4567292.698866946,13620.684739082622,0.09,88,80
Chennai,2022-03-10,4147046.1176821683,9688.691149371914,0.07,80,78
Noida,2022-03-10,5099865.375954533,13689.154177650715,0.085,82,90
Gurugram,2022-03-10,5623031.32115411,13362.636361388702,0.09,87,85
Greater Noida,2022-03-10,4389519.340521639,15734.09242931735,0.1,78,92
Jaipur,2022-03-10,3595089.586382812,7651.192189966943,0.07,75,80
Ahmedabad,2022-03-10,3884475.1548664216,10662.297338045284,0.075,77,82
Lucknow,2022-03-10,3147376.376645292,8025.057039546442,0.065,72,78
Kochi,2022-03-10,4175186.9257027935,11500.011568475677,0.07,76,72
Chandigarh,2022-03-10,4731634.13227898,13392.911254425266,0.075,80,75
Patna,2022-03-10,2653198.7317720363,7604.5426948321365,0.06,68,75
Delhi,2022-04-09,5953234.942899714,16296.241693018545,0.08,95,85
Mumbai,2022-04-09,8603462.348599408,29837.383514311034,0.06,98,75
Bengaluru,2022-04-09,5527676.88146978,12029.323129154129,0.1,92,88
Pune,2022-04-09,4206600.730648014,9179.028354645003,0.09,85,82
Hyderabad,2022-04-09,4820569.700965758,14527.757310480823,0.09,88,80
Chennai,2022-04-09,4097850.0665194285,9332.516894404243,0.07,80,78
Noida,2022-04-09,4874141.1721734395,11870.509581917104,0.085,82,90
Gurugram,2022-04-09,5418446.782202415,11292.63317223185,0.09,87,85
Greater Noida,2022-04-09,4335698.920757041,16163.43734149432,0.1,78,92
Jaipur,2022-04-09,3588899.7680886243,8605.593897976732,0.07,75,80
Ahmedabad,2022-04-09,4007910.5978499115,13275.165129541056,0.075,77,82
Lucknow,2022-04-09,3141761.1733206436,9551.007582847351,0.065,72,78
Kochi,2022-04-09,3967357.573891387,10377.411512509656,0.07,76,72
Chandigarh,2022-04-09,4733811.245249821,15457.118596489463,0.075,80,75
Patna,2022-04-09,2633090.8161902125,8911.44919925334,0.06,68,75
Delhi,2022-05-09,5876337.054753455,16297.675233428818,0.08,95,85
Mumbai,2022-05-09,8436981.306025168,26371.80080114058,0.06,98,75
Bengaluru,2022-05-09,5465680.9627774125,19660.436144504427,0.1,92,88
Pune,2022-05-09,4108504.7582661454,8579.52928731336,0.09,85,82
Hyderabad,2022-05-09,4675853.383914823,17126.385472422528,0.09,88,80
Chennai,2022-05-09,4107948.5799652254,11426.093446548317,0.07,80,78
Noida,2022-05-09,4792989.935304831,13099.25055021655,0.085,82,90
Gurugram,2022-05-09,5578949.5039848685,15094.941800827275,0.09,87,85
Greater Noida,2022-05-09,4262714.0626685005,10148.87047389327,0.1,78,92
Jaipur,2022-05-09,3557392.9940747377,8444.133615469173,0.07,75,80
Ahmedabad,2022-05-09,3963372.5439498345,10002.55321578985,0.075,77,82
Lucknow,2022-05-09,3117167.4746699343,10290.000204651244,0.065,72,78
Kochi,2022-05-09,4104905.5079608103,10109.189725087565,0.07,76,72
Chandigarh,2022-05-09,4523940.455348873,11690.317205269419,0.075,80,75
Patna,2022-05-09,2605205.229970613,8706.815878467982,0.06,68,75
Delhi,2022-06-08,5938848.256777719,20847.686528996743,0.08,95,85
Mumbai,2022-06-08,8046366.94934979,19961.015689317235,0.06,98,75
Bengaluru,2022-06-08,5564268.33786147,20106.52598372906,0.1,92,88
Pune,2022-06-08,4127453.2485642913,12752.18695249863,0.09,85,82
Hyderabad,2022-06-08,4512523.08679244,15270.160369335921,0.09,88,80
Chennai,2022-06-08,4083554.7226091838,9214.565260089057,0.07,80,78
Noida,2022-06-08,4698821.0359828295,10808.705859038002,0.085,82,90
Gurugram,2022-06-08,5560814.9544947995,15509.803870408165,0.09,87,85
Greater Noida,2022-06-08,4251657.794872925,10299.94335430595,0.1,78,92
Jaipur,2022-06-08,3527691.2636797125,9833.08252177838,0.07,75,80
Ahmedabad,2022-06-08,3785631.054759895,11014.605727085895,0.075,77,82
Lucknow,2022-06-08,2995363.089361655,8331.892591364649,0.065,72,78
Kochi,2022-06-08,3872473.4350471627,10341.587406631537,0.07,76,72
Chandigarh,2022-06-08,4546375.145037694,14082.5300876292,0.075,80,75
Patna,2022-06-08,2516195.264252281,5893.524259828981,0.06,68,75
Delhi,2022-07-08,5735915.96157032,13644.655422999278,0.08,95,85
Mumbai,2022-07-08,7935458.928113275,23134.06681165886,0.06,98,75
Bengaluru,2022-07-08,5436715.062394446,14984.459910563673,0.1,92,88
Pune,2022-07-08,4010733.51732545,14242.384273114578,0.09,85,82
Hyderabad,2022-07-08,4357172.98229154,15181.7553639217,0.09,88,80
Chennai,2022-07-08,3705977.411247542,11750.252750681919,0.07,80,78
Noida,2022-07-08,4782039.743293053,16245.541579727515,0.085,82,90
Gurugram,2022-07-08,5335909.3263433,19837.596427655753,0.09,87,85
Greater Noida,2022-07-08,4162604.5910218596,11399.801329278234,0.1,78,92
Jaipur,2022-07-08,3429146.1452584197,8824.255044489813,0.07,75,80
Ahmedabad,2022-07-08,3671409.6017396385,12905.200611905071,0.075,77,82
Lucknow,2022-07-08,3033451.7353037726,7479.670430633494,0.065,72,78
Kochi,2022-07-08,4070579.2495923634,11620.729146877558,0.07,76,72
Chandigarh,2022-07-08,4587615.002793931,16744.74095864675,0.075,80,75
Patna,2022-07-08,2518579.839617616,6058.193304602018,0.06,68,75
Delhi,2022-08-07,5639796.52825115,18503.294130462873,0.08,95,85
Mumbai,2022-08-07,7926320.574995416,26994.675444502733,0.06,98,75
Bengaluru,2022-08-07,5219975.023334732,19210.094038952444,0.1,92,88
Pune,2022-08-07,3994166.8896894716,11718.868653565138,0.09,85,82
Hyderabad,2022-08-07,4471461.3288624175,15948.459292227266,0.09,88,80
Chennai,2022-08-07,3807157.5182094676,12036.65559531888,0.07,80,78
Noida,2022-08-07,4684068.533457958,10129.86936586609,0.085,82,90
Gurugram,2022-08-07,5180906.838713966,13517.8691984839,0.09,87,85
Greater Noida,2022-08-07,3954422.9032931197,9400.148372283717,0.1,78,92
Jaipur,2022-08-07,3252726.9509892534,11773.634529887946,0.07,75,80
Ahmedabad,2022-08-07,3605370.9145271415,9335.482003504028,0.075,77,82
Lucknow,2022-08-07,3070172.053242809,7595.976841165621,0.065,72,78
Kochi,2022-08-07,3873517.900263023,11832.936334780476,0.07,76,72
Chandigarh,2022-08-07,4590670.453117882,15610.288229646052,0.075,80,75
Patna,2022-08-07,2508820.753763079,8070.189030959759,0.06,68,75
Delhi,2022-09-06,5680098.801133391,20328.05917720663,0.08,95,85
Mumbai,2022-09-06,7822169.343737343,27388.44449004997,0.06,98,75
Bengaluru,2022-09-06,5292013.95065049,12718.226642716052,0.1,92,88
Pune,2022-09-06,3995815.334006315,14123.3243007716,0.09,85,82
Hyderabad,2022-09-06,4477488.795278919,13298.031572093976,0.09,88,80
Chennai,2022-09-06,3945235.417866884,13264.267882823844,0.07,80,78
Noida,2022-09-06,4662144.226038768,11833.221161911433,0.085,82,90
Gurugram,2022-09-06,5215478.862643874,15187.155906875223,0.09,87,85
Greater Noida,2022-09-06,3922336.0511972695,11522.622959880588,0.1,78,92
Jaipur,2022-09-06,3346595.5277531845,9277.907900837434,0.07,75,80
Ahmedabad,2022-09-06,3695479.735591655,8059.725897463467,0.075,77,82
Lucknow,2022-09-06,2907302.7772397464,8129.443780249922,0.065,72,78
Kochi,2022-09-06,3668988.9123080345,9973.683740475526,0.07,76,72
Chandigarh,2022-09-06,4434274.048233211,12291.744351325637,0.075,80,75
Patna,2022-09-06,2555657.2038865373,6808.235197806553,0.06,68,75
Delhi,2022-10-06,5851215.666685742,21917.371657622414,0.08,95,85
Mumbai,2022-10-06,7924717.274144837,16660.04162554915,0.06,98,75
Bengaluru,2022-10-06,5414819.541824827,16846.797161879993,0.1,92,88
Pune,2022-10-06,4181465.4525554134,11507.534060570395,0.09,85,82
Hyderabad,2022-10-06,4547802.363673026,12959.670908862821,0.09,88,80
Chennai,2022-10-06,3870873.3121275892,11480.308336401153,0.07,80,78
Noida,2022-10-06,4744324.626048097,14981.708416812064,0.085,82,90
Gurugram,2022-10-06,5185703.442901241,11072.476753104076,0.09,87,85
Greater Noida,2022-10-06,4201274.833664465,13593.76625246291,0.1,78,92
Jaipur,2022-10-06,3316247.25450043,8878.267825447188,0.07,75,80
Ahmedabad,2022-10-06,3565832.52943097,12970.193923900571,0.075,77,82
Lucknow,2022-10-06,2936598.3486935063,8468.589716114695,0.065,72,78
Kochi,2022-10-06,3829060.147722013,9333.657779625706,0.07,76,72
Chandigarh,2022-10-06,4372374.791428921,9906.800287204489,0.075,80,75
Patna,2022-10-06,2490154.4608177114,7758.503140401838,0.06,68,75
Delhi,2022-11-05,6121302.860269719,16853.353524399543,0.08,95,85
Mumbai,2022-11-05,8371052.335503913,19363.353615415326,0.06,98,75
Bengaluru,2022-11-05,5520322.856340989,14380.272123250716,0.1,92,88
Pune,2022-11-05,4062534.096561692,9318.346773132149,0.09,85,82
Hyderabad,2022-11-05,4659543.37517058,14966.737112136349,0.09,88,80
Chennai,2022-11-05,4042955.6720967763,15093.092005616609,0.07,80,78
Noida,2022-11-05,4947876.602263807,15020.551685709439,0.085,82,90
Gurugram,2022-11-05,5245159.221457501,15891.722087905539,0.09,87,85
Greater Noida,2022-11-05,4287740.372996922,12933.368995334873,0.1,78,92
Jaipur,2022-11-05,3536944.575427579,12945.497144204879,0.07,75,80
Ahmedabad,2022-11-05,3811379.1792950407,12100.11478224043,0.075,77,82
Lucknow,2022-11-05,3043143.316132869,7547.896822132952,0.065,72,78
Kochi,2022-11-05,4171051.7023664517,12425.922136494139,0.07,76,72
Chandigarh,2022-11-05,4446206.959290959,12186.426503096287,0.075,80,75
Patna,2022-11-05,2514081.7506043627,8323.961848293578,0.06,68,75
Delhi,2022-12-05,6027131.931081437,15096.54133770436,0.08,95,85
Mumbai,2022-12-05,8186850.57534002,27417.491189276017,0.06,98,75
Bengaluru,2022-12-05,5974863.103730561,14096.227309615031,0.1,92,88
Pune,2022-12-05,4263826.099997936,13289.718011496276,0.09,85,82
Hyderabad,2022-12-05,4740927.178081733,11319.747768058814,0.09,88,80
Chennai,2022-12-05,4248020.483762648,10752.540397168139,0.07,80,78
Noida,2022-12-05,4863596.769619488,11181.522609726002,0.085,82,90
Gurugram,2022-12-05,5573747.256237655,16077.892570515398,0.09,87,85
Greater Noida,2022-12-05,4321102.224841863,9347.738028067308,0.1,78,92
Jaipur,2022-12-05,3679609.5665179407,8378.080574759875,0.07,75,80
Ahmedabad,2022-12-05,3855422.185322038,9959.882238064112,0.075,77,82
Lucknow,2022-12-05,3140735.5007154914,8316.68701678586,0.065,72,78
Kochi,2022-12-05,4111838.376282632,9595.759846603518,0.07,76,72
Chandigarh,2022-12-05,4721099.54036324,16508.57123640805,0.075,80,75
Patna,2022-12-05,2624079.0624740003,7173.346940964705,0.06,68,75
Delhi,2023-01-04,6340159.111837268,22847.53656992217,0.08,95,85
Mumbai,2023-01-04,8476119.782702878,26007.740433614734,0.06,98,75
Bengaluru,2023-01-04,6132188.526938037,18487.681997876392,0.1,92,88
Pune,2023-01-04,4366579.291456207,13089.106780377142,0.09,85,82
Hyderabad,2023-01-04,4791154.322401945,12161.426839929542,0.09,88,80
Chennai,2023-01-04,4307690.73682686,16095.132480860535,0.07,80,78
Noida,2023-01-04,5284309.881759141,14832.611128513134,0.085,82,90
Gurugram,2023-01-04,5859669.061445471,15680.074992697344,0.09,87,85
Greater Noida,2023-01-04,4576879.794914561,16253.445184587887,0.1,78,92
Jaipur,2023-01-04,3674089.0860505295,12886.285972877777,0.07,75,80
Ahmedabad,2023-01-04,4037754.5074126013,13013.205642009854,0.075,77,82
Lucknow,2023-01-04,3147058.0660197083,8376.771219087705,0.065,72,78
Kochi,2023-01-04,4288161.5422029365,12733.371503451754,0.07,76,72
Chandigarh,2023-01-04,4671794.041730329,14665.559694996678,0.075,80,75
Patna,2023-01-04,2658552.8111085924,9808.300942168411,0.06,68,75
Delhi,2023-02-03,6520166.403330754,16745.864297821427,0.08,95,85
Mumbai,2023-02-03,8764507.684670525,28643.99725626848,0.06,98,75
Bengaluru,2023-02-03,5892601.245461933,19456.315245367154,0.1,92,88
Pune,2023-02-03,4460810.18777446,12856.494362887852,0.09,85,82
Hyderabad,2023-02-03,5021297.790917904,14435.832219974407,0.09,88,80
Chennai,2023-02-03,4398845.643053404,16030.539497001564,0.07,80,78
Noida,2023-02-03,4979228.164052414,12187.590112685788,0.085,82,90
Gurugram,2023-02-03,5966199.374592576,20905.557066470607,0.09,87,85
Greater Noida,2023-02-03,4721358.676396693,15854.386357096164,0.1,78,92
Jaipur,2023-02-03,3808185.9700350054,13262.376263691127,0.07,75,80
Ahmedabad,2023-02-03,4053750.8748963145,9234.945643151419,0.075,77,82
Lucknow,2023-02-03,3321941.3238711036,12192.854116262168,0.065,72,78
Kochi,2023-02-03,4224065.529514088,11039.637345562007,0.07,76,72
Chandigarh,2023-02-03,5084143.38278263,16736.17019568531,0.075,80,75
Patna,2023-02-03,2789046.935637564,9412.006782005501,0.06,68,75
Delhi,2023-03-05,6424538.169180119,23734.82077957713,0.08,95,85
Mumbai,2023-03-05,8571875.83115709,29892.801093186892,0.06,98,75
Bengaluru,2023-03-05,6174112.0086651575,14155.108670431413,0.1,92,88
Pune,2023-03-05,4574405.808047434,11788.182784177,0.09,85,82
Hyderabad,2023-03-05,5021764.312438123,18031.755549734913,0.09,88,80
Chennai,2023-03-05,4413161.476845554,10511.513965609118,0.07,80,78
Noida,2023-03-05,5482814.257326013,14680.279606384946,0.085,82,90
Gurugram,2023-03-05,6139488.365168471,13648.348472959859,0.09,87,85
Greater Noida,2023-03-05,4610590.00467741,15077.848731564705,0.1,78,92
Jaipur,2023-03-05,3790393.246304004,9412.522462610808,0.07,75,80
Ahmedabad,2023-03-05,4075140.566994239,8773.350131924546,0.075,77,82
Lucknow,2023-03-05,3344395.2738560433,7743.645204710327,0.065,72,78
Kochi,2023-03-05,4352933.192870796,13742.623888036556,0.07,76,72
Chandigarh,2023-03-05,5108955.816483196,16988.131693206462,0.075,80,75
Patna,2023-03-05,2704762.797719581,7413.320518291998,0.06,68,75
Delhi,2023-04-04,6480924.033063703,22153.875316196878,0.08,95,85
Mumbai,2023-04-04,8851579.828909045,29127.383306640437,0.06,98,75
Bengaluru,2023-04-04,5876908.034604712,13107.19113954072,0.1,92,88
Pune,2023-04-04,4502754.453727187,15410.051639354546,0.09,85,82
Hyderabad,2023-04-04,5108600.960387648,14412.775418437406,0.09,88,80
Chennai,2023-04-04,4287227.171787762,15138.294126907975,0.07,80,78
Noida,2023-04-04,5108596.37656933,15135.427432902186,0.085,82,90
Gurugram,2023-04-04,6008520.795228097,22058.844960663508,0.09,87,85
Greater Noida,2023-04-04,4886795.782795489,15559.998375397687,0.1,78,92
Jaipur,2023-04-04,3749122.22125833,8234.331665395943,0.07,75,80
Ahmedabad,2023-04-04,3994321.069057432,12104.061575438742,0.075,77,82
Lucknow,2023-04-04,3352925.8532784595,9171.968532049379,0.065,72,78
Kochi,2023-04-04,4335489.24905965,13643.135228218243,0.07,76,72
Chandigarh,2023-04-04,4826674.93100147,14580.72361183099,0.075,80,75
Patna,2023-04-04,2912968.679842972,9570.508932787752,0.06,68,75
Delhi,2023-05-04,6598533.21462832,23869.31413780704,0.08,95,85
Mumbai,2023-05-04,8875366.444544826,20671.0438681375,0.06,98,75
Bengaluru,2023-05-04,6126266.323675075,13500.515166319574,0.1,92,88
Pune,2023-05-04,4323050.905943075,11850.403414940549,0.09,85,82
Hyderabad,2023-05-04,5136784.286860323,14535.842327590168,0.09,88,80
Chennai,2023-05-04,4316485.460938673,15446.67627676032,0.07,80,78
Noida,2023-05-04,5445929.630709725,14224.880436445574,0.085,82,90
Gurugram,2023-05-04,5966453.81955599,12895.805485329378,0.09,87,85
Greater Noida,2023-05-04,4597398.709989421,10634.83244631408,0.1,78,92
Jaipur,2023-05-04,3645960.4356764834,10294.355475497483,0.07,75,80
Ahmedabad,2023-05-04,4131392.9075864274,12870.282777244522,0.075,77,82
Lucknow,2023-05-04,3194886.4448287403,11453.76497081604,0.065,72,78
Kochi,2023-05-04,4446145.590064512,14115.965333877532,0.07,76,72
Chandigarh,2023-05-04,4802043.470893001,17101.40669617969,0.075,80,75
Patna,2023-05-04,2727264.1985059753,8719.216211135275,0.06,68,75
Delhi,2023-06-03,6228875.612881605,21274.91671841087,0.08,95,85
Mumbai,2023-06-03,8416202.409855954,23032.830488809992,0.06,98,75
Bengaluru,2023-06-03,6142888.227314566,15709.003603274983,0.1,92,88
Pune,2023-06-03,4287015.848121514,9754.855560449923,0.09,85,82
Hyderabad,2023-06-03,4853247.802842777,11877.920443370704,0.09,88,80
Chennai,2023-06-03,4311098.990632451,12263.51288729107,0.07,80,78
Noida,2023-06-03,5166883.837074149,18802.257684347,0.085,82,90
Gurugram,2023-06-03,5938364.127353901,17469.67942523782,0.09,87,85
Greater Noida,2023-06-03,4593364.126316192,12866.259825187013,0.1,78,92
Jaipur,2023-06-03,3639261.5629350375,9481.116680058867,0.07,75,80
Ahmedabad,2023-06-03,4017919.7966346326,14095.986340553367,0.075,77,82
Lucknow,2023-06-03,3154773.2003101646,8470.820297957533,0.065,72,78
Kochi,2023-06-03,4169514.9023247645,14639.31274215346,0.07,76,72
Chandigarh,2023-06-03,4731365.83415912,17309.26346003615,0.075,80,75
Patna,2023-06-03,2669883.1010016613,6158.800068054729,0.06,68,75
Delhi,2023-07-03,6183790.446318342,20376.592542388145,0.08,95,85
Mumbai,2023-07-03,8506053.168661691,29134.695950901005,0.06,98,75
Bengaluru,2023-07-03,6098667.872731007,21544.191472999,0.1,92,88
Pune,2023-07-03,4327413.803430993,11076.986470796835,0.09,85,82
Hyderabad,2023-07-03,4934675.749858142,15502.858597997643,0.09,88,80
Chennai,2023-07-03,4178780.4505190714,12472.95129005527,0.07,80,78
Noida,2023-07-03,4956495.199049067,12786.37511789363,0.085,82,90
Gurugram,2023-07-03,5534015.094736014,16478.441279015602,0.09,87,85
Greater Noida,2023-07-03,4476919.539119264,16638.15177263448,0.1,78,92
Jaipur,2023-07-03,3621661.80116843,10155.434009988405,0.07,75,80
Ahmedabad,2023-07-03,4105046.159889877,9100.629975471378,0.075,77,82
Lucknow,2023-07-03,3169852.0508514033,6712.050116694594,0.065,72,78
Kochi,2023-07-03,4130693.170884892,9547.67835838475,0.07,76,72
Chandigarh,2023-07-03,4672112.787928284,11485.42247631243,0.075,80,75
Patna,2023-07-03,2618980.378325321,5456.6350107185535,0.06,68,75
Delhi,2023-08-02,6284180.686574114,13236.85530970534,0.08,95,85
Mumbai,2023-08-02,8372005.382005646,24931.945265430637,0.06,98,75
Bengaluru,2023-08-02,5584072.720673071,18722.627516268894,0.1,92,88
Pune,2023-08-02,4358914.350485815,14991.430635953962,0.09,85,82
Hyderabad,2023-08-02,4872690.871893887,13914.721249489858,0.09,88,80
Chennai,2023-08-02,4143733.7827546364,9037.006414609248,0.07,80,78
Noida,2023-08-02,5194764.56721681,11262.304978757105,0.085,82,90
Gurugram,2023-08-02,5528265.428999185,13575.568679228001,0.09,87,85
Greater Noida,2023-08-02,4314907.074407263,15407.156908202634,0.1,78,92
Jaipur,2023-08-02,3469083.9524696576,11792.297779505177,0.07,75,80
Ahmedabad,2023-08-02,3935843.8069278947,11947.025986327348,0.075,77,82
Lucknow,2023-08-02,3137351.7567704627,11149.416856281643,0.065,72,78
Kochi,2023-08-02,4123841.415905897,9014.536580024223,0.07,76,72
Chandigarh,2023-08-02,4674486.8893907,10934.36096118501,0.075,80,75
Patna,2023-08-02,2545756.299637255,6418.906519566179,0.06,68,75
Delhi,2023-09-01,6248981.405587532,18425.644472034724,0.08,95,85
Mumbai,2023-09-01,8372227.631999551,18673.662692714108,0.06,98,75
Bengaluru,2023-09-01,5730191.3342868015,16663.54943601417,0.1,92,88
Pune,2023-09-01,4266774.471961203,10718.743626245736,0.09,85,82
Hyderabad,2023-09-01,4810485.273176771,15361.29802136008,0.09,88,80
Chennai,2023-09-01,4000161.221788484,14188.962584451341,0.07,80,78
Noida,2023-09-01,5117061.769604817,11461.291763420886,0.085,82,90
Gurugram,2023-09-01,5829093.670755952,17398.193892121835,0.09,87,85
Greater Noida,2023-09-01,4353243.051059676,12049.561616237252,0.1,78,92
Jaipur,2023-09-01,3574787.039765702,9243.79541378684,0.07,75,80
Ahmedabad,2023-09-01,3880608.6480933973,8934.11047524565,0.075,77,82
Lucknow,2023-09-01,3047702.0428611776,8697.955080947648,0.065,72,78
Kochi,2023-09-01,4072448.598393501,14719.438001078872,0.07,76,72
Chandigarh,2023-09-01,4651640.029794295,16311.588449329596,0.075,80,75
Patna,2023-09-01,2563606.8775623427,8513.4384947622,0.06,68,75
Delhi,2023-10-01,6002103.2863372415,14502.783133754054,0.08,95,85
Mumbai,2023-10-01,8161084.715651721,23120.072191649077,0.06,98,75
Bengaluru,2023-10-01,6179153.86530368,22690.978525288854,0.1,92,88
Pune,2023-10-01,4473889.433700341,11469.297647332198,0.09,85,82
Hyderabad,2023-10-01,4804203.869074633,12587.51923275365,0.09,88,80
Chennai,2023-10-01,4160731.9093075832,11243.615796209227,0.07,80,78
Noida,2023-10-01,5230606.302787912,12598.138186548951,0.085,82,90
Gurugram,2023-10-01,5769655.592246844,13753.46672714351,0.09,87,85
Greater Noida,2023-10-01,4531945.989174459,9990.7356454434,0.1,78,92
Jaipur,2023-10-01,3676212.0419536396,11311.818528312071,0.07,75,80
Ahmedabad,2023-10-01,3776422.2079009893,12502.02094061316,0.075,77,82
Lucknow,2023-10-01,3096054.2250754084,11146.120717946114,0.065,72,78
Kochi,2023-10-01,4164333.526833012,10214.682247634997,0.07,76,72
Chandigarh,2023-10-01,4727447.45003845,13832.925680238977,0.075,80,75
Patna,2023-10-01,2669308.938630078,9310.422642156755,0.06,68,75
Delhi,2023-10-31,6250765.485508998,22106.969745177765,0.08,95,85
Mumbai,2023-10-31,8790647.726268593,20062.018653580253,0.06,98,75
Bengaluru,2023-10-31,5942692.804925133,12942.872191436867,0.1,92,88
Pune,2023-10-31,4315424.585854578,10336.90536893737,0.09,85,82
Hyderabad,2023-10-31,4918739.693960297,12917.386698481947,0.09,88,80
Chennai,2023-10-31,4282304.733562469,14671.328841549359,0.07,80,78
Noida,2023-10-31,5276318.385689831,14749.029463627841,0.085,82,90
Gurugram,2023-10-31,5695175.121638268,15820.968388889289,0.09,87,85
Greater Noida,2023-10-31,4497453.1163224615,15249.633783024225,0.1,78,92
Jaipur,2023-10-31,3418540.2567978124,12050.792763970256,0.07,75,80
Ahmedabad,2023-10-31,3853499.7795658475,14096.106564735996,0.075,77,82
Lucknow,2023-10-31,3096983.9762486867,11235.871269363737,0.065,72,78
Kochi,2023-10-31,4227039.741376603,11285.078285738156,0.07,76,72
Chandigarh,2023-10-31,4757081.170681355,10429.785359626308,0.075,80,75
Patna,2023-10-31,2499054.028853932,7218.41862286537,0.06,68,75
Delhi,2023-11-30,6471308.908494366,17727.889102223842,0.08,95,85
Mumbai,2023-11-30,8887344.563374318,19644.299465567237,0.06,98,75
Bengaluru,2023-11-30,5982647.943939643,15414.843594366617,0.1,92,88
Pune,2023-11-30,4462791.835696532,13934.239144589994,0.09,85,82
Hyderabad,2023-11-30,5202169.375700502,17969.135227984825,0.09,88,80
Chennai,2023-11-30,4371387.439184907,11878.47180612535,0.07,80,78
Noida,2023-11-30,5313423.558207102,13009.534483161813,0.085,82,90
Gurugram,2023-11-30,6131072.959175836,14659.605316036788,0.09,87,85
Greater Noida,2023-11-30,4735079.958640974,11911.72034053911,0.1,78,92
Jaipur,2023-11-30,3712607.3414811753,11104.063322576176,0.07,75,80
Ahmedabad,2023-11-30,4076090.4887336046,10787.565288892436,0.075,77,82
Lucknow,2023-11-30,3131061.46718506,9316.778887488768,0.065,72,78
Kochi,2023-11-30,4371724.2622961085,12012.24180988485,0.07,76,72
Chandigarh,2023-11-30,4842358.18936872,15908.854631324873,0.075,80,75
Patna,2023-11-30,2713450.4281863705,9604.85511299231,0.06,68,75
Delhi,2023-12-30,6533891.268427415,17921.27834153282,0.08,95,85
Mumbai,2023-12-30,8750799.600811172,18754.427860183983,0.06,98,75
Bengaluru,2023-12-30,6356256.628102243,17281.729162204192,0.1,92,88
Pune,2023-12-30,4627099.865181208,12339.301895237995,0.09,85,82
Hyderabad,2023-12-30,5320938.346556614,17036.14522465599,0.09,88,80
Chennai,2023-12-30,4482137.684144914,9696.30553590248,0.07,80,78
Noida,2023-12-30,5280616.365277703,18370.556833358674,0.085,82,90
Gurugram,2023-12-30,6065784.753385504,15876.432903875639,0.09,87,85
Greater Noida,2023-12-30,4769622.839218261,16174.270122971675,0.1,78,92
Jaipur,2023-12-30,3705096.572725566,12786.44529847369,0.07,75,80
Ahmedabad,2023-12-30,4009666.1451556664,13050.93458220762,0.075,77,82
Lucknow,2023-12-30,3327030.251391554,12099.045893315073,0.065,72,78
Kochi,2023-12-30,4432139.391894156,15935.371116879904,0.07,76,72
Chandigarh,2023-12-30,4948572.120807075,14705.933782373053,0.075,80,75
Patna,2023-12-30,2681645.731990498,9052.07709119209,0.06,68,75
Delhi,2024-01-29,6802806.734807747,25232.473330118784,0.08,95,85
Mumbai,2024-01-29,9458773.571892088,25539.060092663796,0.06,98,75
Bengaluru,2024-01-29,6430629.004371698,23868.09542545523,0.1,92,88
Pune,2024-01-29,4827091.514581681,10596.100479800996,0.09,85,82
Hyderabad,2024-01-29,5367519.36160771,12954.076693458492,0.09,88,80
Chennai,2024-01-29,4435306.83366828,11839.929722733146,0.07,80,78
Noida,2024-01-29,5743842.955826425,16760.430087787372,0.085,82,90
Gurugram,2024-01-29,6172331.942341276,17085.910131781482,0.09,87,85
Greater Noida,2024-01-29,4883316.789877321,14314.724771212335,0.1,78,92
Jaipur,2024-01-29,3902775.875140237,8189.718963660943,0.07,75,80
Ahmedabad,2024-01-29,4301574.3267380325,9191.712647141214,0.075,77,82
Lucknow,2024-01-29,3257239.3794804956,10006.965156852984,0.065,72,78
Kochi,2024-01-29,4559074.226162426,14361.400823005666,0.07,76,72
Chandigarh,2024-01-29,5278257.394427332,16076.920898107133,0.075,80,75
Patna,2024-01-29,2878954.7399350544,10105.132335520564,0.06,68,75
Delhi,2024-02-28,6906053.851633894,23989.477986105267,0.08,95,85
Mumbai,2024-02-28,9477605.23868904,25889.991171885802,0.06,98,75
Bengaluru,2024-02-28,6399017.810179207,15147.27403209795,0.1,92,88
Pune,2024-02-28,4734330.309924414,17326.813044729275,0.09,85,82
Hyderabad,2024-02-28,5488508.908385947,11805.098128244952,0.09,88,80
Chennai,2024-02-28,4653568.323566794,10740.32295445537,0.07,80,78
Noida,2024-02-28,5732204.1999671105,18480.894596144422,0.085,82,90
Gurugram,2024-02-28,6292243.253026878,16319.27149823737,0.09,87,85
Greater Noida,2024-02-28,5074440.174020135,12125.35783191235,0.1,78,92
Jaipur,2024-02-28,3990366.3110177172,13648.399680821576,0.07,75,80
Ahmedabad,2024-02-28,4177619.6933353445,11697.347846973158,0.075,77,82
Lucknow,2024-02-28,3536468.345411181,8275.72771165438,0.065,72,78
Kochi,2024-02-28,4425365.685582582,15271.816331358184,0.07,76,72
Chandigarh,2024-02-28,5163194.456421202,12019.136715426406,0.075,80,75
Patna,2024-02-28,2973704.6922072736,10060.40162489202,0.06,68,75
Delhi,2024-03-29,6813313.114590236,22970.879810476017,0.08,95,85
Mumbai,2024-03-29,9611802.768772457,30154.93150277363,0.06,98,75
Bengaluru,2024-03-29,6695954.6105962135,21385.750475988058,0.1,92,88
Pune,2024-03-29,4859702.288531741,14365.3721431283,0.09,85,82
Hyderabad,2024-03-29,5524603.218442919,13352.806812833993,0.09,88,80
Chennai,2024-03-29,4808403.508870597,16299.775486021368,0.07,80,78
Noida,2024-03-29,5703209.276591076,16345.594297323534,0.085,82,90
Gurugram,2024-03-29,6435723.044509051,24082.263126039354,0.09,87,85
Greater Noida,2024-03-29,5342835.426539533,15502.166182690285,0.1,78,92
Jaipur,2024-03-29,4051930.515598971,14249.59101891708,0.07,75,80
Ahmedabad,2024-03-29,4446071.149527587,16481.846558349385,0.075,77,82
Lucknow,2024-03-29,3428810.7948338445,9729.174527289199,0.065,72,78
Kochi,2024-03-29,4712624.906842152,17219.172098495397,0.07,76,72
Chandigarh,2024-03-29,5435392.11415428,12813.434633698396,0.075,80,75
Patna,2024-03-29,2846693.6866734233,8806.62508727777,0.06,68,75
Delhi,2024-04-28,6692214.778737883,20907.455472554848,0.08,95,85
Mumbai,2024-04-28,9421341.560201222,21965.40506765945,0.06,98,75
Bengaluru,2024-04-28,6487432.083069477,17280.174397501032,0.1,92,88
Pune,2024-04-28,4913753.681543768,14057.120346744758,0.09,85,82
Hyderabad,2024-04-28,5449737.334768377,20309.30558853865,0.09,88,80
Chennai,2024-04-28,4839204.382865396,15244.001501910767,0.07,80,78
Noida,2024-04-28,6041079.372841367,13514.765448769003,0.085,82,90
Gurugram,2024-04-28,6558389.126226301,14690.382925513819,0.09,87,85
Greater Noida,2024-04-28,5274710.155892291,18569.682741441095,0.1,78,92
Jaipur,2024-04-28,3937727.651044386,11496.820214297191,0.07,75,80
Ahmedabad,2024-04-28,4469229.459756994,11623.563406050735,0.075,77,82
Lucknow,2024-04-28,3409105.4456660748,10400.32801364604,0.065,72,78
Kochi,2024-04-28,4639398.806380174,16770.409834050428,0.07,76,72
Chandigarh,2024-04-28,5148770.091977868,11359.648275919471,0.075,80,75
Patna,2024-04-28,2945862.936701796,7738.395797161541,0.06,68,75
Delhi,2024-05-28,6801697.119120696,18427.20291406097,0.08,95,85
Mumbai,2024-05-28,9157693.699350815,27854.318825420236,0.06,98,75
Bengaluru,2024-05-28,6697155.592761814,22457.184219285613,0.1,92,88
Pune,2024-05-28,4880000.873194222,12087.443134827088,0.09,85,82
Hyderabad,2024-05-28,5232616.940696429,11479.888727818368,0.09,88,80
Chennai,2024-05-28,4604993.054059433,16047.471989604077,0.07,80,78
Noida,2024-05-28,5538200.629667182,17517.197032289037,0.085,82,90
Gurugram,2024-05-28,6508551.107367331,16708.77302767905,0.09,87,85
Greater Noida,2024-05-28,5136499.455982331,14116.10191214215,0.1,78,92
Jaipur,2024-05-28,3806177.496728005,13497.646472207389,0.07,75,80
Ahmedabad,2024-05-28,4364516.1021640785,14882.588682719632,0.075,77,82
Lucknow,2024-05-28,3474768.3487105207,9221.646686260565,0.065,72,78
Kochi,2024-05-28,4690295.010841101,13945.893476225758,0.07,76,72
Chandigarh,2024-05-28,5546041.351073816,16618.797925527582,0.075,80,75
Patna,2024-05-28,2866569.1369083165,10401.97739301083,0.06,68,75
Delhi,2024-06-27,6872669.631329235,17028.471261965624,0.08,95,85
Mumbai,2024-06-27,8919271.111285873,32785.94003462197,0.06,98,75
Bengaluru,2024-06-27,6533219.661237982,24247.31848898271,0.1,92,88
Pune,2024-06-27,4699118.7121776175,16555.35259857363,0.09,85,82
Hyderabad,2024-06-27,5280878.240525516,13907.351118003777,0.09,88,80
Chennai,2024-06-27,4437858.459932451,10086.369364318914,0.07,80,78
Noida,2024-06-27,5721770.728456349,19804.01106394499,0.085,82,90
Gurugram,2024-06-27,6311546.225695872,22888.258864679443,0.09,87,85
Greater Noida,2024-06-27,5033339.029193619,15141.977327450615,0.1,78,92
Jaipur,2024-06-27,3771626.5172109646,10496.814609292009,0.07,75,80
Ahmedabad,2024-06-27,4402503.534589503,10565.9157761347,0.075,77,82
Lucknow,2024-06-27,3347233.7199612265,10165.216048329805,0.065,72,78
Kochi,2024-06-27,4642020.404917521,15430.73946927795,0.07,76,72
Chandigarh,2024-06-27,5252452.685692064,13659.239209083089,0.075,80,75
Patna,2024-06-27,2788507.024214942,9756.51873235095,0.06,68,75
Delhi,2024-07-27,6891393.3903368,24414.746686952596,0.08,95,85
Mumbai,2024-07-27,8771948.959261023,21717.05852951523,0.06,98,75
Bengaluru,2024-07-27,6365528.662676658,16763.171108076214,0.1,92,88
Pune,2024-07-27,4642548.234128594,16918.138204521038,0.09,85,82
Hyderabad,2024-07-27,5257835.711225662,18372.248952546925,0.09,88,80
Chennai,2024-07-27,4479134.811395841,11068.458566446969,0.07,80,78
Noida,2024-07-27,5491339.891331342,11691.591482350828,0.085,82,90
Gurugram,2024-07-27,6218872.741187127,21597.678034217653,0.09,87,85
Greater Noida,2024-07-27,4748222.9869246185,10930.661673854405,0.1,78,92
Jaipur,2024-07-27,3779860.5658571064,13274.62260585987,0.07,75,80
Ahmedabad,2024-07-27,4076460.3976783976,12436.948171192118,0.075,77,82
Lucknow,2024-07-27,3318548.1989922523,9846.241357623594,0.065,72,78
Kochi,2024-07-27,4445094.893713438,16015.221400599215,0.07,76,72
Chandigarh,2024-07-27,5242455.898109708,12933.158715933918,0.075,80,75
Patna,2024-07-27,2795355.521171455,8856.044207853427,0.06,68,75
Delhi,2024-08-26,6635790.875728659,24269.469577722168,0.08,95,85
Mumbai,2024-08-26,8782282.01452234,32387.542867690543,0.06,98,75
Bengaluru,2024-08-26,6276662.2322254935,21534.75155375766,0.1,92,88
Pune,2024-08-26,4590695.381152148,14497.496903420857,0.09,85,82
Hyderabad,2024-08-26,5339848.801935081,15634.746410076186,0.09,88,80
Chennai,2024-08-26,4358100.55575447,14819.318316839868,0.07,80,78
Noida,2024-08-26,5382583.844850537,14070.833765070738,0.085,82,90
Gurugram,2024-08-26,6414041.41638052,18727.781780123692,0.09,87,85
Greater Noida,2024-08-26,5018701.618791884,12647.915655293158,0.1,78,92
Jaipur,2024-08-26,3891404.3639726005,9180.063688035303,0.07,75,80
Ahmedabad,2024-08-26,4136619.851647718,13927.224967408498,0.075,77,82
Lucknow,2024-08-26,3305782.1680640085,9367.222874011091,0.065,72,78
Kochi,2024-08-26,4306566.468172086,11488.768310841537,0.07,76,72
Chandigarh,2024-08-26,5030458.419771426,11367.677400863366,0.075,80,75
Patna,2024-08-26,2749943.8493734994,6514.395279609864,0.06,68,75
Delhi,2024-09-25,6625342.715664444,21083.446400900062,0.08,95,85
Mumbai,2024-09-25,8959510.667387888,30100.546192622594,0.06,98,75
Bengaluru,2024-09-25,6282531.013548224,13251.610960893397,0.1,92,88
Pune,2024-09-25,4747465.580832488,15006.018195387815,0.09,85,82
Hyderabad,2024-09-25,5236013.611103446,15145.307714506236,0.09,88,80
Chennai,2024-09-25,4275366.913243682,12036.221172982254,0.07,80,78
Noida,2024-09-25,5357195.132262988,11920.076197811904,0.085,82,90
Gurugram,2024-09-25,6152173.87645335,14473.317362717788,0.09,87,85
Greater Noida,2024-09-25,4960523.974897677,12375.563092971694,0.1,78,92
Jaipur,2024-09-25,3819120.419854903,14088.955614695156,0.07,75,80
Ahmedabad,2024-09-25,3964071.3714650827,8803.305883686187,0.075,77,82
Lucknow,2024-09-25,3348494.6005254956,8738.606392820753,0.065,72,78
Kochi,2024-09-25,4289369.909445664,15839.83494525742,0.07,76,72
Chandigarh,2024-09-25,5021366.565203675,11859.616686588319,0.075,80,75
Patna,2024-09-25,2686352.42028193,7627.517557690581,0.06,68,75
Delhi,2024-10-25,6622495.125556392,20242.451472332825,0.08,95,85
Mumbai,2024-10-25,8824311.604131274,31370.902463987175,0.06,98,75
Bengaluru,2024-10-25,6369366.959539021,14147.12598996368,0.1,92,88
Pune,2024-10-25,4685053.7053841185,14285.359058272761,0.09,85,82
Hyderabad,2024-10-25,5141823.467799578,11004.130983202138,0.09,88,80
Chennai,2024-10-25,4522833.55076205,16261.725125588455,0.07,80,78
Noida,2024-10-25,5355922.37228127,14860.043941283342,0.085,82,90
Gurugram,2024-10-25,6330613.538530627,14595.167746593754,0.09,87,85
Greater Noida,2024-10-25,4970163.464235918,12441.58569510855,0.1,78,92
Jaipur,2024-10-25,3727228.2316571507,10185.705946706783,0.07,75,80
Ahmedabad,2024-10-25,4161569.6475390857,10259.015687201994,0.075,77,82
Lucknow,2024-10-25,3472751.8339178204,12315.223640252154,0.065,72,78
Kochi,2024-10-25,4213205.749219863,12481.455393120983,0.07,76,72
Chandigarh,2024-10-25,4956727.134603946,14838.614107536194,0.075,80,75
Patna,2024-10-25,2755764.013794539,6753.564369466407,0.06,68,75
Delhi,2024-11-24,6909288.773192196,18838.889146466947,0.08,95,85
Mumbai,2024-11-24,8890686.198902108,27984.75670835216,0.06,98,75
Bengaluru,2024-11-24,6669970.995717885,23192.793029024495,0.1,92,88
Pune,2024-11-24,4677880.395269867,11005.074412740207,0.09,85,82
Hyderabad,2024-11-24,5345823.505900044,19488.813787231888,0.09,88,80
Chennai,2024-11-24,4487785.704753691,12556.427927392717,0.07,80,78
Noida,2024-11-24,5382318.646620012,17136.086310808038,0.085,82,90
Gurugram,2024-11-24,6444558.280328935,23864.187692194362,0.09,87,85
Greater Noida,2024-11-24,5025295.270128124,18141.68496615064,0.1,78,92
Jaipur,2024-11-24,4070123.945734126,11121.85459896632,0.07,75,80
Ahmedabad,2024-11-24,4330461.302018872,10074.769343535048,0.075,77,82
Lucknow,2024-11-24,3356505.810186383,8218.903607553037,0.065,72,78
Kochi,2024-11-24,4614994.945302134,14547.698851462314,0.07,76,72
Chandigarh,2024-11-24,5146895.318613327,18956.5835143207,0.075,80,75
Patna,2024-11-24,2879049.340371308,10421.105183124137,0.06,68,75
Delhi,2024-12-24,7151361.631751335,26682.929572016463,0.08,95,85
Mumbai,2024-12-24,9221838.769329078,30377.72911966499,0.06,98,75
Bengaluru,2024-12-24,6905405.963593669,17615.196193472886,0.1,92,88
Pune,2024-12-24,4856861.100641956,12420.032579927465,0.09,85,82
Hyderabad,2024-12-24,5694215.581344162,20542.83415703528,0.09,88,80
Chennai,2024-12-24,4666538.663736233,10773.834722585476,0.07,80,78
Noida,2024-12-24,5794422.377786594,20081.26599161082,0.085,82,90
Gurugram,2024-12-24,6851369.097802722,20645.91086317143,0.09,87,85
Greater Noida,2024-12-24,5098966.333828481,18262.76644998927,0.1,78,92
Jaipur,2024-12-24,3983843.3955603973,13910.69749115315,0.07,75,80
Ahmedabad,2024-12-24,4339174.318760385,14524.06483226522,0.075,77,82
Lucknow,2024-12-24,3474744.826343889,10557.537920327644,0.065,72,78
Kochi,2024-12-24,4784114.708778295,10030.987957081195,0.07,76,72
Chandigarh,2024-12-24,5441865.039364357,18744.462773559335,0.075,80,75
Patna,2024-12-24,2926124.267243076,6871.366648195492,0.06,68,75
Delhi,2025-01-23,7336410.086658054,25430.084726655008,0.08,95,85
Mumbai,2025-01-23,9839181.266821176,29082.072406781637,0.06,98,75
Bengaluru,2025-01-23,7114695.136299055,21471.408134061392,0.1,92,88
Pune,2025-01-23,5084980.254596971,10938.38621457161,0.09,85,82
Hyderabad,2025-01-23,5826842.946825663,19402.980332226267,0.09,88,80
Chennai,2025-01-23,4900225.5214518085,18306.759483483922,0.07,80,78
Noida,2025-01-23,6126824.960145798,17704.191657974738,0.085,82,90
Gurugram,2025-01-23,6611145.321384681,18800.132799920033,0.09,87,85
Greater Noida,2025-01-23,5261542.75335722,19688.649579595494,0.1,78,92
Jaipur,2025-01-23,4141271.2669833833,10235.553229695824,0.07,75,80
Ahmedabad,2025-01-23,4600302.2424047915,13909.276411973202,0.075,77,82
Lucknow,2025-01-23,3590571.77809806,9539.853356410616,0.065,72,78
Kochi,2025-01-23,4648350.233016695,12717.609809695166,0.07,76,72
Chandigarh,2025-01-23,5456285.289375479,12175.987811090454,0.075,80,75
Patna,2025-01-23,2983289.0073865578,9085.855090112553,0.06,68,75
Delhi,2025-02-22,7342598.575204303,23040.803097362234,0.08,95,85
Mumbai,2025-02-22,9794920.543931942,29488.969745101957,0.06,98,75
Bengaluru,2025-02-22,7074929.512067166,22170.01149981773,0.1,92,88
Pune,2025-02-22,5243499.424017017,12206.546557490949,0.09,85,82
Hyderabad,2025-02-22,5860628.410033534,16445.69976456527,0.09,88,80
Chennai,2025-02-22,4925547.17069739,10764.652971294105,0.07,80,78
Noida,2025-02-22,6376597.642873039,14457.434882300595,0.085,82,90
Gurugram,2025-02-22,7175994.922535185,25885.133290763446,0.09,87,85
Greater Noida,2025-02-22,5465298.9362065075,17869.367800629912,0.1,78,92
Jaipur,2025-02-22,4116891.5019337935,12983.233424113709,0.07,75,80
Ahmedabad,2025-02-22,4749042.71601317,15129.748432262137,0.075,77,82
Lucknow,2025-02-22,3611580.7886194843,13295.870483349941,0.065,72,78
Kochi,2025-02-22,4965024.8601395385,14424.020501155093,0.07,76,72
Chandigarh,2025-02-22,5688088.03421461,14023.75319112445,0.075,80,75
Patna,2025-02-22,3056987.809638356,8460.278161939152,0.06,68,75
Delhi,2025-03-24,7280842.330421877,22212.24326266944,0.08,95,85
Mumbai,2025-03-24,9453869.326551601,32352.597618517142,0.06,98,75
Bengaluru,2025-03-24,7164645.846679908,17996.81333307284,0.1,92,88
Pune,2025-03-24,5236733.532883534,16959.286694106075,0.09,85,82
Hyderabad,2025-03-24,5749762.517455331,19359.51311503579,0.09,88,80
Chennai,2025-03-24,4944144.978150159,13405.35512400831,0.07,80,78
Noida,2025-03-24,6252608.289681933,20802.998032561187,0.085,82,90
Gurugram,2025-03-24,6889221.346359718,14526.692276581276,0.09,87,85
Greater Noida,2025-03-24,5739712.036652655,17267.726315396027,0.1,78,92
Jaipur,2025-03-24,4314847.965165266,13278.60579577149,0.07,75,80
Ahmedabad,2025-03-24,4648470.780924346,11193.246347384766,0.075,77,82
Lucknow,2025-03-24,3843038.13993985,8449.13806046311,0.065,72,78
Kochi,2025-03-24,5109118.880084678,10668.439424533797,0.07,76,72
Chandigarh,2025-03-24,5768310.261224299,18471.22044662142,0.075,80,75
Patna,2025-03-24,3036054.649006067,6479.807198482477,0.06,68,75
Delhi,2025-04-23,7436638.10806136,22119.10694356056,0.08,95,85
Mumbai,2025-04-23,9641079.082438078,31652.407138547598,0.06,98,75
Bengaluru,2025-04-23,7517681.8541420745,25647.80812652792,0.1,92,88
Pune,2025-04-23,5093477.263912843,15866.789559121484,0.09,85,82
Hyderabad,2025-04-23,6003505.25284815,14922.904680052547,0.09,88,80
Chennai,2025-04-23,5015709.023739692,14219.0983496157,0.07,80,78
Noida,2025-04-23,6190222.637816401,22355.936073027904,0.085,82,90
Gurugram,2025-04-23,7127888.128889893,15469.277777524245,0.09,87,85
Greater Noida,2025-04-23,5282158.816221179,16115.043329134429,0.1,78,92
Jaipur,2025-04-23,4293837.2172070425,11293.308408470068,0.07,75,80
Ahmedabad,2025-04-23,4696192.882610829,13131.658863419529,0.075,77,82
Lucknow,2025-04-23,3664080.7686263705,10603.07871854972,0.065,72,78
Kochi,2025-04-23,5082968.64118489,12026.309996928474,0.07,76,72
Chandigarh,2025-04-23,5856622.1993314065,15873.997930353105,0.075,80,75
Patna,2025-04-23,3054698.822741043,9517.369210787932,0.06,68,75
Delhi,2025-05-23,7265127.693731906,16535.721482068922,0.08,95,85
Mumbai,2025-05-23,9737250.469204593,23538.393012117067,0.06,98,75
Bengaluru,2025-05-23,7382825.829292892,24254.026103483728,0.1,92,88
Pune,2025-05-23,5141233.956211898,17621.91076675287,0.09,85,82
Hyderabad,2025-05-23,5749211.8963502515,17637.61926142875,0.09,88,80
Chennai,2025-05-23,4764879.201526628,10722.998406004177,0.07,80,78
Noida,2025-05-23,6240705.838895461,21864.44982202551,0.085,82,90
Gurugram,2025-05-23,6757707.8621587,16549.702343666082,0.09,87,85
Greater Noida,2025-05-23,5328491.530401316,12662.539137892054,0.1,78,92
Jaipur,2025-05-23,4119816.8472892363,9324.647280120642,0.07,75,80
Ahmedabad,2025-05-23,4606855.866701199,12888.061895840232,0.075,77,82
Lucknow,2025-05-23,3654644.267259319,9217.594917331715,0.065,72,78
Kochi,2025-05-23,4889902.428247712,15614.650431013984,0.07,76,72
Chandigarh,2025-05-23,5605701.734588866,15372.357402827825,0.075,80,75
Patna,2025-05-23,2994745.523654211,10435.984252072394,0.06,68,75
Delhi,2025-06-22,7299764.274561077,17634.8556128568,0.08,95,85
Mumbai,2025-06-22,9781676.979661467,29814.113931338074,0.06,98,75
Bengaluru,2025-06-22,7160017.107034996,23399.297256528556,0.1,92,88
Pune,2025-06-22,5256946.056194164,18914.455679682836,0.09,85,82
Hyderabad,2025-06-22,5748810.264617215,13873.502272379832,0.09,88,80
Chennai,2025-06-22,4725062.325973537,10938.392302664026,0.07,80,78
Noida,2025-06-22,5757775.5766796125,16107.549235205757,0.085,82,90
Gurugram,2025-06-22,6818239.654122849,15041.452619449214,0.09,87,85
Greater Noida,2025-06-22,5464497.683433835,18644.484170294763,0.1,78,92
Jaipur,2025-06-22,4091293.7903173463,10017.274500487221,0.07,75,80
Ahmedabad,2025-06-22,4611447.513237395,15050.04931752786,0.075,77,82
Lucknow,2025-06-22,3652464.809249307,8259.505969240736,0.065,72,78
Kochi,2025-06-22,4671267.106293649,10167.241056281186,0.07,76,72
Chandigarh,2025-06-22,5498177.769996994,19716.41550243513,0.075,80,75
Patna,2025-06-22,3003035.512055873,6427.295116108752,0.06,68,75
Delhi,2025-07-22,7189309.77912747,16858.99456573852,0.08,95,85
Mumbai,2025-07-22,9814867.593221728,31915.503762781726,0.06,98,75
Bengaluru,2025-07-22,6831200.209273943,20930.853059295,0.1,92,88
Pune,2025-07-22,5075805.735507631,17034.35555846202,0.09,85,82
Hyderabad,2025-07-22,5739188.346843169,18102.200871327263,0.09,88,80
Chennai,2025-07-22,4717744.044411782,10267.959154577895,0.07,80,78
Noida,2025-07-22,6127833.723230794,22888.84062417012,0.085,82,90
Gurugram,2025-07-22,6828876.214955304,23890.656291792537,0.09,87,85
Greater Noida,2025-07-22,5363949.338123775,18184.985768046045,0.1,78,92
Jaipur,2025-07-22,4071910.2264600093,11664.903185830715,0.07,75,80
Ahmedabad,2025-07-22,4536005.783298804,13161.04477024943,0.075,77,82
Lucknow,2025-07-22,3508387.5992325298,7904.900446979206,0.065,72,78
Kochi,2025-07-22,4646462.420373816,13148.658260574151,0.07,76,72
Chandigarh,2025-07-22,5394398.399084219,19544.61419686684,0.075,80,75
Patna,2025-07-22,2806812.538108328,10437.170558584878,0.06,68,75
Delhi,2025-08-21,6894953.520751702,21286.488496187758,0.08,95,85
Mumbai,2025-08-21,8840233.278618267,27416.992907540607,0.06,98,75
Bengaluru,2025-08-21,7052508.926161537,23339.055530226946,0.1,92,88
Pune,2025-08-21,4959883.726092695,17480.429101027978,0.09,85,82
Hyderabad,2025-08-21,5431416.676867205,15514.887665911907,0.09,88,80
Chennai,2025-08-21,4677973.590409668,11237.906767769344,0.07,80,78
Noida,2025-08-21,5976737.540343891,17692.738875027277,0.085,82,90
Gurugram,2025-08-21,6356040.060578043,15004.409544294076,0.09,87,85
Greater Noida,2025-08-21,5084439.373826483,15433.483823581853,0.1,78,92
Jaipur,2025-08-21,3938744.4921199046,12020.849014363832,0.07,75,80
Ahmedabad,2025-08-21,4203277.773072757,9100.637550307822,0.075,77,82
Lucknow,2025-08-21,3560353.111605238,11374.433655017043,0.065,72,78
Kochi,2025-08-21,4786141.425038421,10691.873505997619,0.07,76,72
Chandigarh,2025-08-21,5103558.390831319,18847.87244874428,0.075,80,75
Patna,2025-08-21,2828231.6512702643,6029.177832033723,0.06,68,75
Delhi,2025-09-20,6968477.732265864,21067.48686015588,0.08,95,85
Mumbai,2025-09-20,9076134.42364612,22406.88416342583,0.06,98,75
Bengaluru,2025-09-20,6668241.7277407,19244.738329861724,0.1,92,88
Pune,2025-09-20,4917770.805627839,12699.337602053032,0.09,85,82
Hyderabad,2025-09-20,5561705.467914463,17913.62815516342,0.09,88,80
Chennai,2025-09-20,4545883.687445258,9531.645902724547,0.07,80,78
Noida,2025-09-20,5891597.279197325,17181.09668644914,0.085,82,90
Gurugram,2025-09-20,6594614.723572812,20119.728334124677,0.09,87,85
Greater Noida,2025-09-20,5241085.096132028,14259.73241407919,0.1,78,92
Jaipur,2025-09-20,3970547.434187846,8309.858964763089,0.07,75,80
Ahmedabad,2025-09-20,4396698.0459335735,10387.04338064103,0.075,77,82
Lucknow,2025-09-20,3293260.2191460514,11432.196718101906,0.065,72,78
Kochi,2025-09-20,4539567.53383036,11448.543650427097,0.07,76,72
Chandigarh,2025-09-20,5226976.588242285,15863.268797833987,0.075,80,75
Patna,2025-09-20,2974059.2294239593,9870.729880449611,0.06,68,75
Delhi,2025-10-20,6952950.534711306,14645.188230383099,0.08,95,85
Mumbai,2025-10-20,9239786.088561507,34414.88152250098,0.06,98,75
Bengaluru,2025-10-20,6767070.212694531,23165.04596093742,0.1,92,88
Pune,2025-10-20,5145394.280362772,17593.794591404523,0.09,85,82
Hyderabad,2025-10-20,5578548.607331486,19239.22388453644,0.09,88,80
Chennai,2025-10-20,4786283.05445254,14217.007031438197,0.07,80,78
Noida,2025-10-20,5674920.9781435365,13835.213643108715,0.085,82,90
Gurugram,2025-10-20,6586171.770218333,16555.633940041575,0.09,87,85
Greater Noida,2025-10-20,5186621.443713421,14112.903361922645,0.1,78,92
Jaipur,2025-10-20,4244851.763313657,14682.2266781027,0.07,75,80
Ahmedabad,2025-10-20,4297082.420496547,14272.804032899949,0.075,77,82
Lucknow,2025-10-20,3518375.290476275,11828.904818158722,0.065,72,78
Kochi,2025-10-20,4645374.9739803355,12668.399441745707,0.07,76,72
Chandigarh,2025-10-20,5472956.986387329,17067.88475402405,0.075,80,75
Patna,2025-10-20,2894370.799029991,6268.717607850671,0.06,68,75
Delhi,2025-11-19,7233517.42257926,17620.64424199836,0.08,95,85
Mumbai,2025-11-19,9866083.131043958,28499.6477212022,0.06,98,75
Bengaluru,2025-11-19,7050676.229061978,21062.172021456714,0.1,92,88
Pune,2025-11-19,4936845.672262423,17047.053344558637,0.09,85,82
Hyderabad,2025-11-19,5943811.111311406,20914.73233734214,0.09,88,80
Chennai,2025-11-19,4981087.64304201,16767.63008512095,0.07,80,78
Noida,2025-11-19,6030776.447668587,18999.216918342678,0.085,82,90
Gurugram,2025-11-19,6721124.520738371,23231.124523409584,0.09,87,85
Greater Noida,2025-11-19,5425812.708057125,18170.360895835176,0.1,78,92
Jaipur,2025-11-19,4070328.784397388,14846.694048036099,0.07,75,80
Ahmedabad,2025-11-19,4451758.847732475,13251.93835850802,0.075,77,82
Lucknow,2025-11-19,3463339.1342583206,11015.32392988944,0.065,72,78
Kochi,2025-11-19,4745267.87408517,17260.75482074021,0.07,76,72
Chandigarh,2025-11-19,5679506.81750171,18752.99856794593,0.075,80,75
Patna,2025-11-19,2949364.1551854345,7892.649674686109,0.06,68,75
Delhi,2025-12-19,7403406.887344572,23130.554066100423,0.08,95,85
Mumbai,2025-12-19,9625535.560017508,22405.70897420874,0.06,98,75
Bengaluru,2025-12-19,7126833.303740947,15790.671322558466,0.1,92,88
Pune,2025-12-19,5034156.704743476,10560.2964418356,0.09,85,82
Hyderabad,2025-12-19,6083428.8438444175,17147.146672628256,0.09,88,80
Chennai,2025-12-19,4906990.462417743,11695.811171613022,0.07,80,78
Noida,2025-12-19,6450962.248497182,13444.176031909463,0.085,82,90
Gurugram,2025-12-19,7090322.655039805,16477.337269917498,0.09,87,85
Greater Noida,2025-12-19,5603013.463040472,15080.710469987767,0.1,78,92
Jaipur,2025-12-19,4277526.35095357,14310.063407870262,0.07,75,80
Ahmedabad,2025-12-19,4548069.116235209,11328.363623327103,0.075,77,82
Lucknow,2025-12-19,3631761.6724954,11263.558375496968,0.065,72,78
Kochi,2025-12-19,5053106.325600053,15812.910010146023,0.07,76,72
Chandigarh,2025-12-19,5636693.1499840645,19705.631989847847,0.075,80,75
Patna,2025-12-19,2960735.77093127,6915.256555286534,0.06,68,75
Delhi,2026-01-18,8110453.720250895,22122.761156407956,0.08,95,85
Mumbai,2026-01-18,10339210.951320728,38277.59326290714,0.06,98,75
Bengaluru,2026-01-18,7390686.367932529,24083.553915050637,0.1,92,88
Pune,2026-01-18,5445494.048710338,16595.93998051243,0.09,85,82
Hyderabad,2026-01-18,6233368.090966945,16668.26470394783,0.09,88,80
Chennai,2026-01-18,5051899.099811927,13399.365030349909,0.07,80,78
Noida,2026-01-18,6449507.113874628,17247.360700795496,0.085,82,90
Gurugram,2026-01-18,7116726.719748824,26245.571231444188,0.09,87,85
Greater Noida,2026-01-18,5956090.373930792,18256.601939950728,0.1,78,92
Jaipur,2026-01-18,4339749.392233166,9791.572252795266,0.07,75,80
Ahmedabad,2026-01-18,4806014.676603609,12641.965765392417,0.075,77,82
Lucknow,2026-01-18,3775174.921849225,9262.521014058753,0.065,72,78
Kochi,2026-01-18,5062894.485884351,14277.8872282481,0.07,76,72
Chandigarh,2026-01-18,5810396.111587031,20918.26444450452,0.075,80,75
Patna,2026-01-18,3074516.556702969,10632.227131560134,0.06,68,75
Delhi,2026-02-17,7766452.799384847,24798.401019515044,0.08,95,85
Mumbai,2026-02-17,10317692.886840358,24208.595403646457,0.06,98,75
Bengaluru,2026-02-17,7645663.710704299,20697.2132215333,0.1,92,88
Pune,2026-02-17,5294526.525681379,12281.629657223339,0.09,85,82
Hyderabad,2026-02-17,6263290.96240974,18777.772574174815,0.09,88,80
Chennai,2026-02-17,5298681.926688083,14177.206724893347,0.07,80,78
Noida,2026-02-17,6667428.265085597,16279.790211076064,0.085,82,90
Gurugram,2026-02-17,7469533.319265599,26476.137948588963,0.09,87,85
Greater Noida,2026-02-17,5949892.575467652,14656.288936414641,0.1,78,92
Jaipur,2026-02-17,4522736.913636358,13007.725913760345,0.07,75,80
Ahmedabad,2026-02-17,4918662.1927107815,18125.344691258408,0.075,77,82
Lucknow,2026-02-17,3775346.7563740355,10363.548704725281,0.065,72,78
Kochi,2026-02-17,5248240.12606183,12767.145445554552,0.07,76,72
Chandigarh,2026-02-17,5976367.232567475,13469.31823528571,0.075,80,75
Patna,2026-02-17,3195606.6918239146,9223.683131942396,0.06,68,75
Delhi,2026-03-19,8024573.262777957,17862.218594529422,0.08,95,85
Mumbai,2026-03-19,10173857.358268283,29316.690274726643,0.06,98,75
Bengaluru,2026-03-19,7991135.033060981,18580.340026584185,0.1,92,88
Pune,2026-03-19,5595462.127336551,19450.65891327615,0.09,85,82
Hyderabad,2026-03-19,6311720.134931418,20543.028640190514,0.09,88,80
Chennai,2026-03-19,5062137.998941382,15217.19550315743,0.07,80,78
Noida,2026-03-19,6707551.817417871,19984.958030240912,0.085,82,90
Gurugram,2026-03-19,7488048.092677409,16589.18649170089,0.09,87,85
Greater Noida,2026-03-19,5943443.028707605,19657.760821904725,0.1,78,92
Jaipur,2026-03-19,4521248.489280567,10514.629814603528,0.07,75,80
Ahmedabad,2026-03-19,5000983.15169547,14975.960218684426,0.075,77,82
Lucknow,2026-03-19,3928888.059864263,12813.941220398527,0.065,72,78
Kochi,2026-03-19,5131152.957884878,17442.66283142992,0.07,76,72
Chandigarh,2026-03-19,6133562.046278488,19128.038335775404,0.075,80,75
Patna,2026-03-19,3240959.3618658246,11565.612446473911,0.06,68,75
Delhi,2026-04-18,7873196.606248704,28567.54530504861,0.08,95,85
Mumbai,2026-04-18,10489950.551045166,22930.429138459713,0.06,98,75
Bengaluru,2026-04-18,7483467.90881254,28045.90574598772,0.1,92,88
Pune,2026-04-18,5506095.442383657,16383.595425271458,0.09,85,82
Hyderabad,2026-04-18,6173280.635365728,15986.721771802098,0.09,88,80
Chennai,2026-04-18,5256417.3241219185,16289.36660236223,0.07,80,78
Noida,2026-04-18,6711474.923406731,17111.561259980965,0.085,82,90
Gurugram,2026-04-18,7759605.948046899,20145.882806378297,0.09,87,85
Greater Noida,2026-04-18,5961136.578118809,16841.38609496599,0.1,78,92
Jaipur,2026-04-18,4594154.29685013,14848.85399026561,0.07,75,80
Ahmedabad,2026-04-18,5014412.4278665,13177.140268897076,0.075,77,82
Lucknow,2026-04-18,3778223.5670751883,9123.20299933223,0.065,72,78
Kochi,2026-04-18,5375236.169383531,15537.242614433837,0.07,76,72
Chandigarh,2026-04-18,5888965.461265927,12561.36730366981,0.075,80,75
Patna,2026-04-18,3248952.3488681847,9733.751395417445,0.06,68,75
Delhi,2026-05-18,7523827.183466126,25155.332605724903,0.08,95,85
Mumbai,2026-05-18,10514052.088098407,29227.713830835637,0.06,98,75
Bengaluru,2026-05-18,7611345.977269002,25022.389932584105,0.1,92,88
Pune,2026-05-18,5378002.844415032,19140.164416902368,0.09,85,82
Hyderabad,2026-05-18,6116716.92868872,22932.697688454482,0.09,88,80
Chennai,2026-05-18,5068708.8726362055,18168.381203042973,0.07,80,78
Noida,2026-05-18,6556818.541622215,23832.14746742474,0.085,82,90
Gurugram,2026-05-18,7523661.793712267,26330.02145147766,0.09,87,85
Greater Noida,2026-05-18,5893456.284983924,17846.715026269045,0.1,78,92
Jaipur,2026-05-18,4381421.970078001,15332.467083250769,0.07,75,80
Ahmedabad,2026-05-18,4976090.836877815,18311.124400909666,0.075,77,82
Lucknow,2026-05-18,3854431.2711960273,8045.318527783028,0.065,72,78
Kochi,2026-05-18,5241748.638012397,13605.612638904184,0.07,76,72
Chandigarh,2026-05-18,5868290.4434091905,13016.014275291653,0.075,80,75
Patna,2026-05-18,3280248.3525397857,10722.631299025665,0.06,68,75
Delhi,2026-06-17,7497599.03886176,18271.92709367118,0.08,95,85
Mumbai,2026-06-17,10067749.76693548,31894.920936935,0.06,98,75
Bengaluru,2026-06-17,7483496.206558005,26292.60822433721,0.1,92,88
Pune,2026-06-17,5270471.095995449,18067.107964425482,0.09,85,82
Hyderabad,2026-06-17,6257846.915333908,13860.367882260734,0.09,88,80
Chennai,2026-06-17,5023707.438701657,15368.5162137104,0.07,80,78
Noida,2026-06-17,6160443.699209704,14134.033125744078,0.085,82,90
Gurugram,2026-06-17,6943578.830774732,22813.953641229324,0.09,87,85
Greater Noida,2026-06-17,5746903.51601408,20116.527417813504,0.1,78,92
Jaipur,2026-06-17,4347049.447957135,13959.945431733277,0.07,75,80
Ahmedabad,2026-06-17,4786580.671069344,13227.35619896019,0.075,77,82
Lucknow,2026-06-17,3844578.3546867515,8025.093423905568,0.065,72,78
Kochi,2026-06-17,4954569.363855896,14878.086381516097,0.07,76,72
Chandigarh,2026-06-17,5871990.926720509,13886.80379333165,0.075,80,75
Patna,2026-06-17,3147549.923770561,10770.451612229348,0.06,68,75
